{"cameraMode":{"drawMode":0,"name":"Shaded","section":"Shading Mode"},"sceneLighting":true,"audioPlay":false,"sceneViewState":{"showFog":true,"showMaterialUpdate":true,"showSkybox":true,"showFlares":true,"showImageEffects":true,"showParticleSystems":true},"in2DMode":false,"pivot":{"x":-187.58717346191407,"y":735.9229736328125,"z":4504.234375},"rotation":{"x":-0.19053451716899873,"y":0.01174673717468977,"z":-0.0024459166452288629,"w":-0.9816930294036865},"size":14.020296096801758,"orthographic":false}